{
  "model": "gpt-5",
  "dataset": "folio",
  "experiment_type": "twostage",
  "total": 203,
  "correct": 76,
  "accuracy": 0.37438423645320196,
  "stage1_success": 103,
  "stage1_success_rate": 0.5073891625615764,
  "stage2_success": 77,
  "stage2_success_rate": 0.7475728155339806,
  "stage1_fail": 0,
  "stage2_fail": 21
}